{
  "version": 1,
  "author": "Anonymous maker",
  "editor": "wokwi",
  "parts": [
    { "type": "board-esp32-devkit-c-v4", "id": "esp", "top": -48, "left": -110.36, "attrs": {} },
    {
      "type": "board-ssd1306",
      "id": "oled1",
      "top": 60.74,
      "left": 230.63,
      "attrs": { "i2cAddress": "0x3c" }
    },
    { "type": "wokwi-mpu6050", "id": "imu1", "top": 195.82, "left": 107.92, "attrs": {} }
  ],
  "connections": [
    [ "esp:TX", "$serialMonitor:RX", "", [] ],
    [ "esp:RX", "$serialMonitor:TX", "", [] ],
    [ "imu1:VCC", "esp:3V3", "red", [ "v0" ] ],
    [ "oled1:VCC", "esp:3V3", "red", [ "v0" ] ],
    [ "oled1:GND", "esp:GND.2", "black", [ "v0" ] ],
    [ "imu1:GND", "esp:GND.1", "black", [ "v0" ] ],
    [ "oled1:SDA", "esp:21", "green", [ "v0" ] ],
    [ "imu1:SDA", "esp:21", "green", [ "v0" ] ],
    [ "oled1:SCL", "esp:22", "green", [ "v0" ] ],
    [ "imu1:SCL", "esp:22", "green", [ "v0" ] ]
  ],
  "dependencies": {}
}